"wage","IQ","educ","exper","age"
156.226003068423,94.4078844157048,3.7144576634746,6.2230706505526,42.4410659852438
238.393317776047,145.977733321488,3.45676947175525,8.21677824660763,70.9722142256796
187.088232708525,106.552665436175,3.53606666461565,7.38382683910355,58.0569654544815
220.977160342339,123.836809885688,9.74538241745904,7.73584101536135,69.588618632406
159.932198649104,92.8451681346633,9.37806420656852,5.70093657169161,41.8787420010194
187.661425790252,126.144533283077,11.4778270651586,4.70539848522421,33.6186019699089
232.566898468739,131.428503748029,8.60618914174847,8.08574983511771,73.9855395378545
156.776230432993,114.697560309432,1.94650415866636,4.94983697378505,26.4473902257159
215.40698636569,140.810312065296,1.09173726220615,7.4592746295046,56.7325152605772
239.373730941705,138.228656111751,4.77118141925894,8.57184512442407,78.2477102563716
221.064544571941,148.830917773303,15.4663748072926,5.00697697349587,40.5361932204105
230.296459585787,126.679515754804,5.54488550405949,8.57840068491177,79.1338438149542
178.579040744323,125.000209943391,11.1762046453077,4.09082237292206,27.9110323321074
149.89422520175,83.1601699395105,11.3461948530748,5.34645044793377,39.9307272452861
165.412453599204,93.3592509734444,17.8666934869252,4.70822971715565,40.0341205564328
184.06161917498,82.2811070596799,4.25022933376022,8.54119131038472,77.2021783343516
250.576692340575,139.303613454103,13.8076399383135,8.06796058181967,78.8996278881095
196.303259264671,109.712007918861,5.12058473145589,7.78050113456473,65.6567826364189
201.908654235781,137.204240702558,6.56668774038553,5.91246303310107,41.5239068581723
156.144686001319,90.6161995255388,1.06010340945795,6.85738207955739,48.0837923944928
176.533412182309,108.40908739483,17.9562104411889,4.35074505731728,36.8851929949597
223.878127798129,130.575625207275,8.44701157440431,7.67780253837814,67.3956633927301
184.176980890769,84.1743679926731,17.960708663566,6.94024193284538,66.1276667499915
176.62610576532,103.124445625581,4.34422587556764,6.96941092843975,52.916914565023
216.551944726247,134.373480135109,2.89510552771389,7.70142016991929,62.2069781613536
226.874902125941,138.8321541599,5.26251965924166,7.83393076274935,66.6329908547923
239.566243445249,140.940707118716,12.5681022526696,7.43104941207019,67.7885976172984
233.277284284375,146.712933110539,10.8133230446838,6.91851278671353,58.6791422246024
177.150314196257,106.876902673393,8.0779040355701,6.2457942741189,47.0878501501866
240.419878285641,146.54423766071,13.3960811407305,6.9886356182151,62.2371089449152
231.297411033771,129.287323793396,10.7612254612613,7.88517573437643,72.9372218232602
185.853803865674,109.538697567768,10.8197975330986,6.22462509844978,49.5657551493496
166.457152210129,107.392126577906,11.0299851663876,4.63419220894611,32.5057225958444
177.222530141919,94.7396721923724,4.78978178137913,7.39146126514321,59.4234814154916
205.215458470602,132.673612665385,2.75936907669529,7.01342309271803,51.9474725541659
219.152363254107,111.155449533835,13.5206024579238,7.89744416774082,75.8902268405072
177.945331800864,111.73203896964,11.4108638560865,5.2521863204797,38.9963250011206
187.990826439131,85.8275601500645,17.1706101289019,7.12456279020898,67.9300050805323
206.20175003182,105.561832012609,17.317889715312,7.02064500241347,66.6073459652252
235.44904968934,142.6467034081,13.6622128514573,6.99055348951855,62.5300509412773
198.485725192791,118.110649215523,8.39211247651838,6.88481942928542,55.7928510503843
161.575378563868,82.1578946476802,3.97117733466439,7.36975517566326,58.2844686838798
205.136642720982,107.190315823536,8.3998971702531,8.0241966723268,72.7876294064336
173.044700489865,87.9376672185026,13.9617891919333,6.22788963361891,52.7483984804712
214.065232975223,99.4078121287748,16.6234982877504,7.89359650404061,78.9323640563525
189.054723989593,130.366388170514,16.4138589096256,3.65135238001194,29.7462331126444
193.218089242285,106.321762949228,14.8637180929072,6.41532898295816,56.0201640524901
180.209352892821,124.412196811754,4.39580002520233,5.64184104192585,36.2261703675613
175.742241285525,114.772345472593,1.84363495046273,6.3375917393239,42.0087040048093
234.888297665583,136.524052042514,9.14212493551895,7.89126717596949,71.4142225780524
184.221829591016,120.753188568633,11.0366872705054,5.10285177096248,37.0757834669203
169.526066764637,92.0408962364309,2.64254400902428,7.4043424309367,57.4668308435939
225.629251588694,145.610372773372,17.1651339933742,5.49845657530879,47.3981587039307
147.626527618857,83.7667612289079,3.76663335645571,6.22368183311965,42.5008489163592
169.950092359052,86.1062531010248,16.6656064644922,5.90221815581932,51.5017856233753
227.668098663167,138.909060396254,3.17217623791657,7.93494014126063,66.1354512833059
217.081040491964,109.462248266209,12.2665730386507,8.15357723445538,78.7473947568797
194.059963823163,130.224023694173,14.3287127662916,4.48436564136008,34.4382479717024
192.999640105414,131.530551176984,13.9984237505123,4.35781712125529,32.9889938128181
235.824755205465,149.122938157525,12.4336952790618,6.70197784786047,57.3502023522742
199.53693532163,147.267698368523,2.96632034052163,5.51722168357651,33.4060554462485
156.433039786932,89.925561407581,15.4721252880991,4.629868541811,36.9078080025502
197.907441799717,126.546592109371,11.5053471121937,5.73966047550892,44.449049486313
151.8938151622,82.3207969544455,15.2189964519348,5.01394601778003,40.358651121147
200.213734923563,114.615934537724,3.88877982087433,7.81516878785792,64.965643003583
218.327731544704,135.394669587258,1.17478074133396,7.89821241892426,63.5565401557833
200.277774789604,106.54468275141,6.49898543138988,7.89862556593549,68.8872712622397
208.776002844722,146.3809552975,5.58460631640628,5.93605707616698,40.8213799279183
192.584943827721,126.247304626741,15.0294430532958,4.56028513292573,35.8256435468793
196.036724215343,110.29355666833,16.8722495292313,5.84023531132108,50.980598020833
214.368259305867,138.707781874109,3.17245522211306,7.24961922636125,55.7294341493398
226.738297938113,136.328910603188,16.5267393060494,6.56506033933659,59.6267565651797
190.651812924308,109.89436136093,11.2889771116897,6.38649103793336,52.0762448892929
158.184415543121,103.057335666381,7.80484782974236,5.0205602052543,33.0108726043254
222.756094538624,119.552835905924,12.3185201580636,7.83691951100882,73.7358275800943
252.984062920008,140.286042038351,14.0491877123713,8.09209369637097,79.5311681032181
221.061244505176,121.010971732903,9.87222690228373,7.91668533181303,72.5461335452273
221.685515604737,125.158408980351,7.70662779081613,8.0196577839141,72.0215387619101
213.057530901987,133.695884868503,17.4183761703316,5.38163159447038,46.3803347889334
207.098160441025,128.499991681892,1.83275419077836,7.58217493871639,59.3221309920773
215.376518086154,140.675837798044,3.60624061827548,7.09818628790178,53.9904891960323
141.746582528282,86.6288286587223,12.8462641139049,3.89203201725851,27.9941773372702
219.084217192752,122.695750591811,13.372359844856,7.26301532544034,66.1237514624372
190.124651567664,96.8612352758646,2.84245006297715,8.28545045045081,71.4911392298527
164.648932394003,112.87491612602,8.89766527479514,4.44461042754748,28.6522271274589
204.254475042144,99.8745460691862,11.9161341157742,7.89439567672944,74.2376172165386
215.778773640629,144.2908895039,7.75088594364934,6.21857672697729,46.4215824529529
206.57694169531,107.982083442621,17.8373143698554,6.76189011360985,63.5604722783901
213.745790764001,119.574126221705,12.5380497681908,7.22473278446867,64.7348135751672
173.543337059707,85.6613908638246,6.36041377834044,7.51637767453296,62.8563471245579
209.032060266209,145.989012941718,3.6140774206724,6.21352281795361,42.2219432299025
196.534167055355,131.504502373282,6.12127950810827,6.0183363449847,42.3416518694721
184.834679770774,113.271855134517,2.60676402063109,7.00736737211413,51.7099615084007
137.387697068054,92.7290274063125,1.45688361651264,5.21163798789417,28.6180541333742
208.114171237329,131.125681637786,6.27821617340669,6.80215069717132,52.5474702804349
210.476450023715,123.023893076461,13.6214607665315,6.64562068691995,57.78573508095
157.072828703033,84.2729113041423,17.3215676092077,4.62049306097162,38.6705237356946
189.790302361149,83.7306768260896,8.06864526635036,8.36790417044372,78.0904654720798
171.1260691923,111.867942046374,9.87800192344002,4.97611391939087,34.6397116621956
168.262081836951,92.6673495862633,2.14783538947813,7.41046663427877,57.0628511272371
190.195132193729,114.39141468145,11.7073106924072,6.08403392238862,48.7227794611827
203.667081222932,148.731001375709,7.00803438248113,5.05995749741884,32.6112042581663
165.453148727166,95.6885475083254,8.2201490860898,6.11974281412225,45.6714011970907
244.753420515197,129.877005871385,17.3840694420505,7.90867518454059,79.9312126166187
188.737278916174,90.508824151475,12.5769742778502,7.51723922408854,69.0858598300256
190.489978433553,116.800808759872,13.2138860353734,5.62832973392779,44.8919816291891
236.232068285575,137.993307637516,3.9007060113363,8.52619815286829,76.5967609533109
173.935586795611,88.8802381022833,4.46135451528244,7.74927764106355,64.5126584735699
221.711857953002,137.377829719335,15.9013451025821,6.06974615558246,52.7431634957902
200.629130470942,97.2202391456813,15.2378829347435,7.39076224750898,69.8612495339476
177.769475731246,86.7912575858645,13.2506597219035,6.93654796691198,61.3663574191742
159.626389148324,91.4591017435305,5.77807730878703,6.30096820055752,45.4802775732242
197.790543634204,126.504864278249,4.56984524475411,6.84941300885555,51.4843038106337
212.069900604445,127.419968175236,9.40055543323979,6.99362285735372,58.3113161041401
182.350048714199,89.3066313304007,9.86979774013162,7.4394215595087,65.2147908802144
215.191885931998,148.566678930074,4.73714079940692,6.36292736672504,45.2239854736254
178.621572051975,90.2628732938319,13.9728139401414,6.61037233087769,57.6698362929747
217.844186137025,145.927172775846,1.41683410201222,7.24429152120836,53.8965937462635
216.024786199289,129.024622142315,13.0952610676177,6.70481410362353,58.0497932317667
225.654651519489,119.757403247058,15.2950891857035,7.6597303075303,73.9665575698018
204.494298998076,97.2444292600267,16.8239582253154,7.48337689767424,72.8248880179599
203.710942873804,103.861007271335,12.2555580036715,7.65697825235003,70.8848739606328
194.013070585191,138.783336179331,5.58901772927493,5.39849611265539,34.7327780076303
209.115690533509,144.506502635777,4.70996882556938,6.25983301855831,43.8954782458022
227.448383070569,116.075542103499,15.7529089096934,7.76275747813346,76.0133125740103
237.519063441429,142.167853883002,1.41771637904458,8.6333305372155,75.9521125438623
222.044031377601,129.285054211505,15.450454314705,6.70226922326579,60.3708670558408
206.140652302067,109.663395278621,9.90686230896972,7.6753025360498,68.8171313288622
182.296293023909,101.018837236334,8.40286593115889,6.96214316127667,56.8743033292703
205.684596325978,147.436910844408,16.83201068989,3.36069581654833,28.1262870612554
151.655814881396,88.7374417250976,3.79735673055984,6.14297439681622,41.5334911704995
204.152973559177,127.623837303836,7.43940266501158,6.67278376031504,51.9654457769357
207.054617993467,137.388740056194,3.34676392981783,6.79253845760472,49.4853426278569
193.148140092089,95.1392375328578,3.54525831202045,8.53276717111262,76.3533739084378
209.853859552635,121.58610253362,12.4996032055933,6.95464941022505,60.8667516247369
142.986370978684,91.3187151448801,10.5559746497311,3.93557993062102,26.044764040038
157.245353191376,108.386856366415,9.01802352746017,4.24690318428403,27.054210184142
169.507188449962,96.7219569347799,14.7887028665282,5.21995439415808,42.0366267436184
191.823518506452,116.931919187773,17.3606050480157,4.83959601968446,40.7822946817614
223.888500252747,126.966836079955,9.76196802873164,7.81213698613663,70.7914523188956
239.341122294952,143.529547913931,12.9632870836649,7.20929412322011,64.9372088387609
187.518540095006,103.295802774373,4.07495167013258,7.6599651635145,62.7500179763883
165.488125721138,96.977554957848,7.03443810087629,6.30175262125012,46.7465242003091
153.88200791084,101.69921153225,1.84834741801023,5.84434939110001,36.0047672232613
151.117294197008,95.8763874438591,3.59341294597834,5.81708928500829,37.4319406957366
172.596490911322,88.6102194152772,2.68761921697296,7.83018244603737,63.9993763552047
159.084154427393,98.7428937875666,5.76251729414798,5.86615909607408,40.1743398346007
206.688146645753,144.655754594132,7.58665343630128,5.53499531118642,38.2228265311569
172.667594712319,83.9538911683485,11.7806993685663,6.80083528552124,58.0320599493571
175.368728380711,115.101860277355,13.0200813496485,4.57579903858443,33.9580181911588
186.364508123455,135.565015533939,6.54231141903438,4.713168988626,28.7562733343802
196.638279767613,138.654914163053,17.4081163567025,3.05641542148185,26.7497915853746
220.689831476449,120.33915678272,12.839725606842,7.53672949035205,69.6420170175843
187.097335888133,96.9295062986203,3.73832930065691,8.09939228064844,69.3384846164845
169.13154359769,120.744355740026,7.27405810775235,4.42021587420611,26.8123664823361
170.840983074749,89.6260897070169,6.13770190626383,7.21167199058507,58.145914806053
181.550684430399,113.789862680715,8.78541804710403,5.81482352265333,42.5975906467065
176.524530113367,86.5579928946681,14.99580668821,6.61318231162271,58.7299869749695
160.637126291023,101.347866959404,4.95316896471195,5.7173907723023,37.6417262079194
230.346608731774,127.369374821428,7.83947782963514,8.32739254303569,77.1849443954416
158.416970528147,94.3594491807744,17.5174176499713,3.76848621666398,31.7189060151577
157.579174743046,107.64429542236,3.11515268194489,5.41639678887933,32.4525068565272
194.920496897669,136.199717423879,11.7149313022383,4.67697518963262,33.5890282266773
169.374492810693,95.9824486169964,12.9657391000073,5.37107537498365,41.8141897837631
171.224973936825,85.3835262497887,11.0504048313014,6.87614368166689,58.3317567622289
204.401144348324,134.475743547082,17.9407766114455,4.39853243194437,37.2878641663119
196.71826560708,126.909778767731,1.77071372442879,6.97532539201188,50.4258780488744
199.28944781007,115.777677155565,17.8312331445049,5.71152839413964,50.4527897415683
171.522213727657,94.980144216679,13.6702072583139,5.73977507207087,46.6152251362801
199.681655808227,93.138530915603,8.42474316223525,8.42046377946619,79.3289534235373
167.504422302853,122.780302304309,3.6011113289278,4.79030035520951,26.5480888220482
182.150796553315,82.7119042747654,8.63070798316039,8.00659645679185,72.7362948050722
146.380557041409,96.0608387342654,4.16752011398785,5.1805585405756,31.0057069063187
199.140248634811,137.675652275793,8.25132590252906,5.25182515858602,35.8329933988862
181.352232311482,101.025777491741,14.953257731162,5.93515931843879,50.1793738664128
165.227328895847,81.1264266562648,1.85644154180773,7.96959358074763,65.3708633841015
205.590300422026,147.310851423535,6.53149657789618,5.45219853865165,36.2579654827714
149.56292775547,86.1422685463913,15.3210028016474,4.26635844815942,33.5228172098286
187.956288375091,132.361637793947,1.68339648004621,5.98392891248366,37.4908017097041
202.179544383163,138.520574877039,14.4618403406348,4.54417031409186,35.1113241841085
186.8639445443,81.1186374304816,17.3476834376343,7.39704162155179,72.0639081886038
236.489727765691,139.700304877479,12.2356482872274,7.32974719500367,65.9608422298916
193.540241151326,118.520808562171,1.14819612493739,7.45755557487563,56.7633312772959
201.97340459002,103.778118588962,8.91841681231745,7.95422765479362,72.188154396601
164.315732660113,102.799131032079,13.1824354277924,4.56339908968174,34.0070466795005
189.111025737143,124.745407840237,1.47909586690366,6.70101396037024,46.3826839639805
163.974048035166,88.9493107656017,15.3732034980785,5.28086585069172,43.2607476310804
156.900525831254,101.778477104381,13.6890619534533,3.73192480176209,27.6163246794604
190.44137068458,120.815782458521,5.48852299386635,6.43862295078361,46.9443884962238
227.750102612882,133.143736701459,13.680532495724,7.11541810652226,64.3097073263489
185.845722877266,118.619219923858,12.4169020128902,5.1945810748506,39.4005745560862
210.285862639628,128.14511137316,3.92489646724425,7.55392104775493,60.9866196629591
168.274068468541,105.988503629342,12.3851799613331,4.76028719637624,35.0455141533166
244.236085839776,143.472279980779,16.8160185355227,7.1339460402815,67.7092046411708
230.376458020515,148.301472661551,15.4665708926041,6.03472609273592,51.8844899069518
193.03267124818,133.626592701767,14.2782449985389,3.87062640414249,29.2599937589839
179.15056436716,80.8586279558949,12.6593196315225,7.41344351875637,67.6184644373134
217.636285622972,116.582278308924,11.0532749043778,7.89337410502575,73.3586296662688
218.093515084502,135.933237602003,7.85564468754455,7.07034702137823,57.8454516902566
172.912078067888,94.5218899240717,3.18191791372374,7.46629351712364,58.9274567975663
188.709749259569,107.039724874776,14.94279589504,5.81154673957416,48.7168714012951
175.012056644966,117.966794518288,13.1842480294872,3.92880944400066,28.619791676756
224.221352398576,132.097715754062,14.4015224920586,6.83728401502172,61.1499751941301
175.486909685335,103.333270221483,1.31137201981619,7.19660323551812,53.1024701492861
192.791570877668,102.744066673331,3.96633239672519,8.03107140743794,68.4644403480925
192.562742911001,109.662012576591,11.1770324625541,6.66051061754097,55.53943414893
167.806352043237,99.34109443333,2.37085998873226,6.90014462495784,49.9828558340669
225.127109820297,123.82631047396,13.024371010717,7.62998613727984,71.2410594657995
174.979487810251,83.0518491426483,10.5823691615369,7.20467344390352,62.4896885948256
171.794838908233,122.457435072865,5.80773445614614,4.79395533114517,28.7897421731614
164.79469711847,109.193436782807,7.66496501746587,5.01380858067306,32.8032415010966
183.985576087827,83.0533315730281,12.4363788533956,7.62808706759522,70.6240911642089
218.832448248781,149.538541834336,3.75705434358679,6.62722399316774,47.677152199205
196.563338642031,123.859272869304,2.84453235915862,7.10138572139019,53.2742115231231
207.842739380806,138.718810616992,10.0685519096442,5.84265970196393,44.2052243025973
189.458764155279,107.795924090315,2.75438470602967,7.5453945658682,59.687363860663
223.440812175771,146.716229002923,2.58810744923539,7.38920347635188,57.1884354641661
170.755934702107,106.48784461664,11.8787274148781,5.11103388206227,38.0013947584666
224.349492001085,137.392656125594,10.5887214310933,7.06740815155283,60.5369794117287
146.930097496675,80.5058585992083,6.19412083155476,6.25060833974798,45.2642254484817
213.148733183305,141.161985795479,5.52215353259817,6.69488803261923,50.3436793019064
161.174333069926,85.176079547964,11.7525134230964,5.9903960479005,47.6373582337983
206.158322133198,137.169297561049,15.1228831703775,4.78047441926043,37.9758188435808
179.113617136939,121.023012557998,1.87304545938969,6.1247207719515,39.3852499937639
195.017288162477,127.792244814336,17.8696956147905,4.20099025904698,35.5180147713982
197.696820558614,129.991040651221,1.37548227864318,6.92597235469688,49.3445753366686
179.29066168653,99.6073695016094,4.05726111377589,7.40717183454673,58.9234557002783
197.547592860448,127.14594907593,6.58776527270675,6.442141701282,48.0889549721032
210.219713587335,100.792756490409,15.5332271850202,7.72957181315697,75.279507599771
180.354631429432,119.973204231355,4.13412532489747,6.08625607814377,41.1766383736394
152.756730129088,83.8294326979667,14.5210639429279,4.80847205698333,37.6424674657173
192.016172821124,104.332589176483,15.6004863507114,6.34272829631456,55.8306885915808
184.977345705062,114.837535901461,9.02433207561262,5.9905012769236,44.9104376244359
223.193249481297,117.218228930142,12.0194482682273,8.03959318231498,76.6545068053529
220.363534066856,137.103786417283,6.52570863743313,7.31234401856895,59.9960836833343
189.304580282538,115.722852656618,8.92433678777888,6.37750464795682,49.5969023224898
212.862846464914,139.426206112839,17.0209238228854,4.96147581654234,41.6371661010198
169.940844878021,121.593500424642,5.17289307690226,4.77565881143291,27.9798101601191
192.335483188621,117.652670394164,1.38177000707947,7.36415719808153,55.6125812451355
198.936983761609,123.89282894088,17.4402211189736,5.08527072484739,43.3001994639635
173.868468306409,100.438166663516,5.4208305682987,6.82306373570167,51.9750293097459
218.615264593702,119.706739680842,12.1198226807173,7.58832975772923,69.7025711927563
207.518770352936,149.964998771902,2.28148103831336,5.96101763150056,37.815212241374
205.251626063239,144.431777792051,17.4771836830769,3.65364713543402,30.8263210733421
236.576456700924,133.854023569729,16.6151685053483,7.24087512590654,69.0454410943203
206.574117464497,139.061289813835,15.7585931157228,4.43389091869059,35.4179817945696
239.757621743464,144.559590795543,8.21444257209077,7.81385113464681,69.2707121265121
176.671584250783,122.05530957086,14.2775435918011,3.70369221044335,27.9948795814998
201.026203449818,105.746134973597,6.09840017580427,8.10221120177173,71.7442265339196
227.092859774361,132.290245057084,5.92069740314037,8.02793995828368,70.3685173769481
223.538228412096,113.940251744352,17.9876551630441,7.51550180670714,74.4704225696623
159.098749507629,80.3367575700395,17.7796325348318,5.33220397718357,46.212031789124
194.254612687679,127.119971201755,9.16078780032694,5.77749815765792,42.5402727620676
215.781293353034,108.255330498796,13.9586761258543,7.85273092798937,75.6240591532551
214.312475125368,146.722742426209,6.58640272519551,6.06265331078993,43.3421678920276
188.723883613679,89.4059993606061,5.01606040331535,8.42324652570922,75.9671424361877
194.44891708968,106.440396185499,11.5036205165088,6.86005980784204,58.5640410836786
224.904301467252,142.989992296789,6.78763751243241,7.11303356290696,57.3828839794733
221.822914614738,136.233870692085,1.99264746950939,7.98335952787221,65.7266768207774
194.659876340259,115.449914075434,17.69307897822,5.46713551976784,47.5826497697271
155.019290397376,81.2665615137666,12.6966820687521,5.75543620091018,45.8217279314995
177.770753283544,97.5191192398779,15.6570977554657,5.79899269612795,49.2854140452109
170.401401616732,101.419170480222,8.84882322209887,5.94107368841187,44.1451797932386
212.241690117324,126.320682787336,3.14246237464249,7.78165948968174,63.6966867879964
157.496911337301,86.8723899312317,12.5650225693826,5.28371829305964,40.4827015697956
240.95690152486,147.570331566967,1.3391293482855,8.41126984230296,72.0885897083208
239.123520424215,140.705656053033,3.77029687445611,8.51445625573715,76.2662622053176
181.410708391199,99.9403799814172,16.228869196726,5.90461688252215,51.0933697260916
154.737647422092,110.428106656764,3.60368165746331,4.76696851276643,26.3276704591699
204.606594176567,103.866432940122,5.39690709160641,8.4502592046353,76.80378771713
176.421933329946,104.369098260067,5.14841956389137,6.65269060829755,49.4067118936218
197.592305915955,101.292125266045,6.30170342558995,8.04308175252032,70.9928675033152
220.289050808246,144.016117772553,4.7611937224865,7.00441444493199,53.8230154388584
168.996094705073,99.8505195882171,1.51929632830434,7.09949056253424,51.9220625758171
205.940804471616,140.749312329572,16.3516223540064,4.17852587770958,33.811700864695
196.59858400176,137.16839063447,17.3097568929661,3.43792290399205,29.1290707867593
187.865238489151,92.9210986499675,17.0284272446297,6.63880120536798,61.102108689025
166.979341066639,95.9058533492498,8.70610067970119,6.12093159463324,46.1719042658806
177.135914200204,126.59380860161,8.44030504114926,4.34596004433846,27.3276737481356
159.993308812855,112.765547831077,1.8528245119378,5.30925442505977,30.0410070619546
181.937373879076,87.6748044765554,7.11696156207472,7.98210595170545,70.8309769863263
189.855867934799,90.1953808334656,16.2429490997456,7.0291495493893,65.6518924874254
153.108944678534,102.202203336637,7.30807384289801,4.61415360423899,28.5984873264097
214.40494313156,122.504209885374,9.55584519170225,7.45642473024537,65.154114949517
197.219861093835,146.291068354622,9.96918820333667,4.09589728143406,26.7455627433956
190.024052674172,109.581031869166,3.8945911063347,7.4227394218773,58.9916516314261
208.528304689775,144.854200498667,10.1561792055145,5.27847093196104,38.0184345850721
168.525809261484,86.9748765625991,2.87838856619783,7.52516725062547,59.5065307160839
225.048350059852,140.640227133408,11.4397855845746,6.71093628707312,56.4764514337294
178.638207900052,98.2341761351563,10.2645992587786,6.56801017709044,53.4033569451421
161.735045901135,99.882267951034,4.86968777282164,5.91833456056855,39.8963717436418
169.761201105711,91.6100605414249,16.325647094287,5.39030265371269,45.381009792909
145.265478180727,82.0969639671966,4.37494942382909,6.0972230715273,41.5510786077939
146.022328951361,86.8683048989624,8.1708059986122,5.2999896600109,36.2606963948347
183.108488575386,88.390042623505,16.0341515862383,6.63425960062509,60.0475520347245
139.928568570692,93.5905076679774,5.04941439209506,4.6402851329079,26.5816605067812
194.994978619395,138.071481788065,5.9577201702632,5.2785123211858,33.8204124951735
165.258163845766,81.071998202242,15.8987195820082,6.13246780358095,53.5058809439652
185.991526054264,106.998363507446,11.524232075084,6.29512434104749,51.1528225443326
231.175171041469,144.004920686129,15.5740788127296,6.2098567912371,54.1364001804031
170.129345337441,81.0699964966625,9.11383365257643,7.36110194074903,63.2996554346755
215.108812092967,101.675570094958,16.2019263189286,7.98717139737204,79.9968332499266
208.735104732916,109.995188254397,3.87417906476185,8.5653238801822,77.2389522371814
225.403406094759,119.349174594972,11.5581923411228,8.11628458773731,77.4322678502649
237.296631135584,144.453582689166,13.2869290052913,7.0469430877022,62.9463358866051
204.344722073915,116.184569343459,4.23367477790453,7.84335807703877,65.7519407025538
236.309569159554,131.802797885612,10.6681635386776,8.18531258473219,77.6675056484528
188.046846468208,123.249229975045,12.4160325680859,4.97755154458805,37.1920519471169
191.472456332029,94.4024656736292,16.6265852777287,6.76843484228387,62.4382954919711
170.429068423204,115.608232854865,6.53451486281119,4.97395942846454,31.2747872588225
165.330080345851,84.2743643489666,10.2947851952631,6.52957819603408,52.9301766133867
221.106302095717,134.21514895279,1.08485003677197,8.11479415340769,66.9347341889516
140.911190332744,94.2972804768942,7.29197440366261,4.39966238098492,26.6490034703165
200.640806676132,139.995151620824,11.8395642186515,4.77428036096035,34.6333171837032
173.472551902952,115.964027082082,11.3633191725239,4.53824700986413,31.9590050950646
199.968513104452,97.6134943170473,14.9109668752644,7.37905839133831,69.3614696180448
202.609985150902,136.892461278476,3.00416054273956,6.57565361793177,46.2433810457587
172.675216193413,84.6901790378615,12.277080408996,6.91212013971847,60.0544852348976
173.004407086275,81.8335435190238,4.42732333950698,7.91913185430323,67.1399726653472
188.38516107649,121.737941855099,10.9766122051515,5.33374695365609,39.4254687707871
214.282240533618,139.282563650049,12.8161896381062,5.77533802554615,46.1707189474255
183.05956117977,111.667941298801,9.98089851392433,5.86095230628196,44.3316604504362
202.796783718448,115.15241174493,7.28186567150988,7.5417295974021,64.1595509918407
181.713754065339,94.6761725167744,12.874030894367,6.63293063628411,56.8697997201234
187.351913866533,130.091033324134,9.05297577381134,4.97063445782025,33.7601826870814
181.264213248587,117.54660374485,4.92373341671191,6.09062949561445,42.0195010695606
155.46741029589,83.4397600055672,8.72028984269127,6.200588971098,47.1675934311934
211.969108139439,137.590041623916,2.3462626261171,7.20088180342073,54.1989613729529
179.258306509958,97.6747525739484,5.3805697534699,7.22896479575436,57.6385017717257
185.298932485455,116.501425378956,10.4193685124628,5.68073458346629,42.6901139202528
167.335319054648,102.889447023626,1.36991648375988,6.63711989716788,45.4212770131417
185.770102408576,87.7258188929409,4.5887350840494,8.46131951124858,76.1826629554853
222.747458457751,139.621251963545,11.8186876678374,6.60355091478674,55.4255723520182
212.919684983743,123.724802578799,13.1885541088413,6.67973234012748,57.8073782445863
208.54859525871,139.364621664863,14.2066608930472,5.03563581124417,39.564288916532
152.696038728982,88.8208268000744,2.24454561108723,6.68946058666203,46.9934285515919
206.601292929892,126.777612888254,2.67872231500223,7.62897735657542,60.8800178221427
200.518850648202,122.555312132463,17.0887245268095,5.35122811704594,45.7243668874726
231.010967432143,146.196645018645,16.8250179330353,5.86777097131271,51.2557541048154
187.112237352527,120.643710016739,16.6646762071177,4.34675749107257,35.5589768933132
182.198878531877,101.219299710356,12.0489570216741,6.31963908914194,51.9867952386849
244.880177766879,145.434539616108,3.6579562232364,8.52334307928665,76.30533347046
197.937832204194,139.105155358557,16.4724423689768,3.30351643598674,27.3856632118113
188.62190052816,109.72013484221,16.6750520926435,5.47876615761052,46.6919307024218
173.305433416097,113.996555968188,3.87709043687209,5.96967375377971,39.5140951634385
208.895881683205,133.796410637442,2.24724436481483,7.41253560341285,57.1929284366779
152.430346196391,97.6593772787601,10.625891828211,4.36516779434389,29.6805817009881
221.944723951209,136.842797310092,7.21189004741609,7.34219335416952,61.1196932974271
188.804121873092,137.546678567305,8.82283252174966,4.48355172995036,28.9250686368905
175.380260160161,109.213592910673,8.90052751079202,5.728604856543,41.7174411132
217.522093019682,144.146316172555,14.2414208380505,5.34191680857252,42.7774960277602
163.725600981003,84.9612971162423,15.0023283970077,5.9033112964648,49.8514126599766
208.244728641736,136.706725938711,5.800035887165,6.61443674621541,49.5508093568496
225.251634862494,114.013312987518,13.4096313402988,8.13437443656435,79.5776788145304
185.975912274982,101.366430758499,9.43151866155677,7.04252290440171,59.0286475205794
185.115735458614,123.251168329734,2.12656111875549,6.39402218946742,43.0100808781572
195.391970225403,102.347735960502,1.64001311943866,8.42203889844736,72.5707523263991
191.165786991735,125.663576961961,5.03894625860266,6.26072138694128,44.2355785435066
226.210376913554,144.109381446615,4.71273387386464,7.58649651659911,62.2676632702351
223.309576974217,119.835532186553,8.18056667339988,8.1482052065731,74.5738147618249
224.208037858256,124.652349408716,10.3457777623553,7.82582921890053,71.5893807257526
167.955711321065,109.124898649752,13.1335392794572,4.20771078453326,30.8383693257347
199.370222837209,135.762710582931,5.07989984750748,6.08968482313282,42.1641610926017
228.477526815117,140.359333590604,16.2265942231752,6.2000247419949,54.6669010245241
178.317631296634,105.719198540319,9.20460439706221,6.10466233170303,46.4715065811761
209.192663433991,114.155699873809,5.46839903225191,8.13481086457062,71.6435468345881
240.187252838653,142.744631040841,6.43861892563291,8.12770051487286,72.4981345850974
203.713865802505,112.467599485535,12.2931335619651,7.10627425380938,62.7922673323192
178.209518066125,94.6529599325731,13.3768731437158,6.29675575809671,53.0260062208399
224.493502490529,127.337940719444,10.7144111657981,7.65093723312683,69.2512517110445
191.797763969989,131.389086993877,15.9378162976354,3.54552481478644,28.5085625099018
187.802727956149,125.68859137129,7.95645574014634,5.67270394561847,40.1360257947817
150.914779348403,94.4839952373877,4.49172842293046,5.67748448060539,36.7255584504455
244.969920970583,147.254007828888,9.00394709175453,7.81460396503809,70.0719822221436
177.979399355542,80.4828015482053,7.44993218104355,8.00509264490226,71.5314404345118
236.851760588698,143.15165866632,5.20860436023213,8.10943518707405,70.9715434135869
157.50875451558,86.2750002159737,16.7255529384129,4.8878965436419,40.6170855597593
188.976415833686,138.596634392161,8.92497001192532,4.25766389239132,27.0526718324982
197.738670641346,118.794422913343,1.2370086167939,7.66912099969036,60.0524255246855
220.904561419217,122.239185112994,17.0348205480259,7.02569042994964,66.3951465655118
214.281324208056,136.795269506983,7.36727614258416,6.77783974464744,53.3063877467066
162.099987721913,98.4082237491384,1.13670610357076,6.67482553446011,45.6900020190515
158.376405244449,82.7962862420827,17.6689165576827,5.00613834642927,42.7303377012722
157.626366296761,89.680115384981,7.41818095021881,6.16445091916393,45.4186360849999
166.484314940316,87.3772883089259,17.7597484313883,5.27593252127403,45.5952124004252
169.30872766754,92.2784074419178,3.37347864173353,7.19121530092583,55.0870561460033
236.642690681438,147.282596861478,10.5577077525668,7.11829652295355,61.2278531412594
170.503679255048,93.5820049094036,14.5041233040392,5.76889274177984,47.7842467701994
181.888286375786,103.252653745003,4.2963232670445,7.29285772784197,57.4820971055888
222.566414470837,128.461045389995,13.0818745521829,7.10562399523685,63.5717669138685
230.625172152166,128.542649110314,10.6170363400597,7.97027130575232,74.1422610273585
194.950395227195,100.027461182326,1.17196746333502,8.71882017685639,77.1897927396931
172.499042802633,100.938347738702,5.36816475307569,6.58449819943173,48.7237812913954
195.817874997931,110.0967739732,9.0066852089949,7.16728167073345,60.3766117566265
172.918373411219,106.78404125385,16.7566667019855,4.34195818075356,35.6092675453983
206.761910614022,143.477156141307,17.919963639928,3.52379504744635,30.3370951763354
194.996818941352,117.433290875051,4.5696991069708,7.21027073337664,56.5577031555586
221.486079736128,122.51851598965,10.2681774396915,7.73622955768634,70.1174252089113
210.460561749327,115.306113716215,11.9716788306832,7.41970790184616,67.0237441794015
204.520182239369,115.308749224059,16.318835670827,6.36864645157474,56.8784932959825
220.544814221989,109.655619661789,13.4494697048794,8.12054587422266,79.3927350002341
203.431989494427,95.2274291263893,11.3650819335598,8.26886810970163,79.7392617492005
166.093039776539,102.347515283618,4.81432627141476,6.20832469510835,43.3576217913069
163.074417333582,96.9134089304134,16.5749072274193,4.32597508295041,35.2889676457271
157.098146437861,80.0806669518352,14.646937421523,5.60761071731378,46.0922353784554
172.415990832684,95.667201273609,6.31094641378149,6.98514817989176,55.1032415088266
240.221046809778,147.841523541138,4.86327033676207,8.05878127038699,69.8072259007022
204.112517968825,110.268200568389,12.179118467262,7.17982252577272,63.7289699688554
252.813616252364,147.431498996448,13.5074296572711,7.81601269247178,74.5974840661511
189.590559363971,97.9074081056751,8.90660232794471,7.49328810194735,65.0559689067304
160.334659669671,89.4801377318799,15.6812905981205,4.90830030337492,39.7727024662308
190.287396131901,119.381441858131,12.4750099158846,5.49483939957263,42.6682699429803
198.96590493478,110.32745387638,3.74495411058888,7.91102164768058,66.3292176206596
194.55851555481,140.402588851284,1.20553521439433,5.98980469164628,37.0832954584621
215.907448416032,144.083386117127,15.7231564666145,5.07148327461082,41.4430990712717
216.364692474945,123.281625194941,2.71211739303544,8.47507556770208,74.5390232712962
195.514185558383,138.8651441806,6.30794815695845,5.36311232046137,35.0709219188429
157.785421039903,100.177858280949,8.38641590136103,5.03664575892949,33.7542164023034
237.907949837179,142.938997421879,11.4678530911915,7.35797985439312,65.6077206288464
168.36940050232,89.8772270255722,6.76680896570906,6.96751859031118,55.313124272041
174.528857320302,89.9341804371215,10.8596277479082,6.66560663709562,55.2899395884015
216.921224895512,120.569730536081,15.1044716462493,6.99040230209989,63.9701959914528
235.028275875525,149.651453769766,6.68850847519934,7.38184555144932,61.1801522206515
210.936170071084,117.343589665834,7.49432293488644,7.72080700150593,67.1051836893894
156.201492131218,88.9957402530126,11.2967288896907,5.46496104933998,41.1625281604938
198.865898870307,92.3983583506197,9.42751016560942,8.3494552833716,79.1409136946313
236.182461539664,134.218519132119,2.85755402292125,8.67068055716986,78.0382553474046
181.928249448393,125.535777159967,15.3807810989674,3.48368935827972,27.5168726439588
213.087057047741,118.932182756253,8.57956109684892,7.60013479371683,66.341609979514
205.970557329442,132.185500692576,13.7563903823029,5.66123222392849,45.8059406755492
179.008620270605,104.024901320226,14.5241565336473,5.53124553348036,45.1188336852938
156.859714512196,107.386816055514,7.64188057137653,4.40517210812139,27.0474218735471
191.293263534491,104.653269327246,1.25241411034949,8.10727177689542,66.9802697747946
185.30798864661,123.59544737963,13.6380520537496,4.56873489334292,34.5113905793987
140.965029059914,91.2522151111625,2.16254803771153,5.46812018969983,32.0628864467144
188.145875995105,97.2504872642457,10.0443507232703,7.38251913650903,64.5459395241924
217.028593821546,146.336824484169,3.08471703552641,6.85252554848195,50.0418234281242
204.031479715811,149.183913739398,12.4880899856798,3.86309648245284,27.4116044184193
211.475667199616,117.496408522129,1.95234115212224,8.58567906486523,75.6662261569872
184.695847589927,83.1715380586684,14.5661595589481,7.33621700510278,68.3862395049073
198.195159334263,122.158651822247,12.2642843977083,6.05736099459291,48.9559066165239
184.372504676198,130.517552210949,5.15210374328308,5.2745974500133,32.9734820029698
213.562407507515,120.811601348687,3.72633143258281,8.15379920355911,70.210772884544
201.266507539216,116.853141093161,1.98599830525927,7.91969474883965,64.7075632200576
170.490882809421,104.763672195841,1.25859029497951,6.85561989097323,48.2581143844873
150.885041412947,85.6043249624781,15.1670311172493,4.50313233831851,35.4452319736592
136.057117716245,88.9874971401878,5.4519127025269,4.59676137074213,26.582127802074
169.362027381494,105.611277276184,1.94205204444006,6.51664757533688,44.4087476655841
178.514406142482,122.010254685301,6.91656835842878,5.41382716387836,36.226092918776
178.988441248849,96.6490358067676,10.8637129522394,6.74557511904071,56.3664966388606
171.695413590261,81.2702238047495,14.671710686991,6.56408989681911,57.7589868605137
166.604802354919,101.691105079371,6.78451734944247,5.86773379857786,41.2148172804154
183.719101351836,85.460886193905,3.29245562502183,8.5270712281991,76.0033993558027
193.509250373691,97.5638696434908,14.1514196433127,7.06157146606867,64.0172112137079
162.621647716516,89.8612457653508,15.9130434477702,5.00155797370018,40.928625612054
202.505197152031,105.908032369334,17.7954565957189,6.84283149675417,64.6197994886898
178.775123458992,89.8255817894824,12.1319159474224,6.83658181158131,58.8707668138668
189.173272205357,119.759766624775,5.31846415624022,6.53644547087976,48.0435835500248
179.967552403559,117.987628486007,11.9047445198521,4.80940844607156,35.0351541209966
141.46456228052,91.4585157926194,8.66041047079489,4.31979079911094,27.3210030188784
201.204479862639,146.152291980106,4.34834035020322,5.47775394509072,34.3541286331601
209.254215670187,123.81247947691,11.3051872516517,6.80957140596691,57.6754499846138
154.922341156492,84.5391620066948,17.5687057462055,4.49772587198394,37.7982437657192
139.956828821492,92.6642793253995,4.38596448255703,4.90012087916715,28.3971491130069
227.608231325741,126.741669480689,8.39090255019255,8.18490322074857,75.3835432832129
242.578090310253,143.470881388057,6.77215848886408,8.13729595614434,72.9877439667471
228.365479868526,137.107310141437,1.57814012118615,8.30970995399068,70.6294196406379
191.805126202429,110.973210781813,2.68637557537295,7.49905632126152,58.9222212848254
182.098803640322,91.2840990093537,8.12695815647021,7.54646719905376,65.0761253428645
181.764787747217,91.6041111643426,1.80475177941844,8.19920515209345,69.0317169055343
208.257069506998,113.526210896671,1.45099770859815,8.45005274504637,72.8543891026638
192.934441013163,107.710387692787,3.94970478978939,7.73748298060979,63.8183476650156
201.930563606033,135.64437617315,7.4274710835889,6.0577584873538,44.123908974696
213.994106416978,133.888596564066,11.0014873328619,6.47078810137897,52.8725859858096
200.187021753654,107.941546728835,6.7193043937441,7.82291460230827,67.917297268752
198.570510174152,124.113775640726,9.40732087520882,6.26316584733058,48.634567306377
198.481970831108,108.886838017497,13.7895534709096,6.61011398603936,57.4831603793427
167.548392735325,105.577352540568,3.87405590387061,6.19321090953522,42.2299172738567
187.428889882588,123.459841792937,15.341737821931,4.31275054308699,33.9415550688282
209.882551298748,146.917062259745,6.4451485585887,5.86811400547459,40.8799105398357
170.937412842526,113.325077786576,4.97608267725445,5.65546253281715,36.960339137353
183.824145383903,123.432463956997,6.26989061827771,5.64718167348616,38.1605514716357
186.376978701211,100.245686091948,14.4284693754744,6.29677417325872,54.0778343644924
208.081039002647,108.529740558006,5.32663173484616,8.38969721629809,75.7136511160061
202.321593090315,111.141403026413,16.6879999374505,6.38050491381043,57.3988428926095
160.318972671669,99.8473582859151,3.52200945746154,6.0497126227833,40.1210322757252
216.142123577012,147.909726861399,4.68012270960025,6.44315332003819,46.1943474151194
225.974535138812,141.781918746419,11.6435608007014,6.69234936186879,56.431100782007
193.6376207785,136.61954486277,5.370192945702,5.40769064949513,34.6133111063391
221.454544104555,129.5758517785,13.0219537110534,7.01436901164978,62.223326342646
146.771639875196,92.6141122006811,13.6208887111861,3.65590356237875,26.9865195685998
132.616686405758,84.4782996806316,5.46005868958309,4.60531282863703,26.6689649391919
178.533783772772,87.4606707599014,10.7345367344096,7.15244768932828,61.892044682987
206.48086963285,139.37290227972,16.5660266724881,4.53149141712126,37.1004411359318
179.864473626322,105.160114599857,13.0431408556178,5.80405808314344,46.7302310881205
197.947720834712,134.950041652191,15.3540362024214,4.38852593703344,34.6131961024366
241.546349340174,143.562719104812,16.6390210406389,6.90092838510581,64.261833616998
207.002900680785,124.339730255306,6.00878946552984,7.29299368833961,59.1965464036912
178.932557503274,123.058140189387,12.0610952922143,4.15167841129454,29.2975289230235
153.300681975454,84.7277932823636,3.41002523503266,6.67291297234298,47.9377927714959
157.505197371841,96.9045717664994,15.5100385928527,4.02022579807931,31.6722540603951
183.769088773022,108.754474197049,12.3221124734264,5.95089824909828,47.7353024445474
217.976383291716,136.78225084208,13.4665535485838,6.09425813085858,50.6065357141197
190.678555760108,106.539885816164,6.35058593819849,7.30617939615407,59.7308433069848
166.618403697144,111.286516136024,12.3512049829587,4.2316639919304,30.2581851235591
189.158519105642,119.935544775799,8.8860740957316,5.96498055598231,44.4670671289787
141.524614037584,89.1848658514209,12.0548098317813,3.90182647833344,27.2790596988052
153.125462753146,80.9112857957371,14.3581785385031,5.48486181552633,44.4418876739219
229.426676445222,127.436880923342,16.328971413197,7.20919791964753,68.3015060578473
231.860246057987,138.460892764851,9.96592831867747,7.48728416703946,66.0253525166772
237.349890887131,145.538443680853,3.68785382248461,8.14772275392905,70.0732398973778
133.730734561656,84.0915429708548,5.58351880288683,4.83910118308567,29.0004190630279
180.671471807371,126.761805594433,3.28718364541419,5.55828637138532,34.1817310317419
191.020371017578,107.009957844857,5.03847844037227,7.49861605451174,61.2677211733535
196.039136884411,120.329033075832,13.2919625754002,5.82397141839306,47.2106056576595
151.492819930455,89.7169924480841,11.6611323482357,4.92571304418329,35.9237813418731
154.324298271454,97.9083697288297,8.69019637582824,4.92377530729374,32.9337596525438
161.56976694929,101.914261889178,11.783218550263,4.60186740057075,32.9604021226987
215.774745846661,130.05824647611,10.0014469523448,7.05005204078511,59.7046807301231
169.562036893012,93.207567022182,6.61180855776183,6.81882242059118,53.1081477613188
173.568551706182,89.9526902893558,14.1025351318531,6.18532152502422,52.360737499781
222.838245264549,120.187813153025,11.7948158683721,7.83181135564259,73.1320849787444
148.004152745426,83.4405190916732,14.1641826280393,4.71379795017688,36.384073743131
199.175222042165,110.450535609853,4.04043578682467,7.93621716334333,67.0239786505699
175.978007150828,113.789711303543,7.73883865447715,5.48715040674345,37.847658240702
179.046995477609,112.537183046807,17.3661697187927,4.13437471855726,34.4592240322381
171.601395411502,114.03413559543,7.41433152719401,5.13488428999238,33.7813681988046
226.410081419369,131.630941948388,2.31843414646573,8.45841354933381,73.8631939180195
239.107620282128,149.369041826576,9.99869685387239,7.21886712227361,62.1107393829152
221.872458155483,138.828585110605,17.145307892235,5.78981034473663,50.6672117202543
185.666177309996,87.8348425473087,15.5539219195489,7.007870553936,64.6641716202721
231.658059750729,140.299531328492,10.3404144451488,7.33798654465089,64.1864609746262
208.528711256072,119.749590144493,12.3042102090549,6.97270139896978,60.92277500825
231.048959066508,127.829524392728,9.50761832203716,8.12126470212011,75.4625586839393
205.188429658116,135.272383512929,16.7092267344706,4.48013468276856,36.7808335102163
177.88040202738,108.176787325647,2.56277521001175,6.8503163157878,49.4896088363603
192.649974397556,139.729403259698,9.4482070771046,4.30717209944708,27.99993857136
156.924319775616,93.2723872712813,14.2978095985018,4.49474299481343,34.5005241879262
210.738585545243,114.700514315628,15.7873968605418,6.93786492797821,63.9213666194119
187.536901630183,88.403104445897,16.3263895981945,7.04541309955971,65.9642353416421
175.598334105815,96.0064314352348,14.7935022939928,5.86617202009231,49.2054764633067
207.909378485411,143.384852753952,3.61340366536751,6.42938800908894,44.9504338367842
195.65050576599,113.164241123013,13.4058983731084,6.22460412313098,52.1515948628075
171.477984922945,117.833374545444,13.9115498631727,3.6555834913429,27.2748405253515
250.832505207154,148.165672328323,12.2339312860277,7.72086395548931,71.8456715052016
243.30744839473,148.070031504612,16.4365964659955,6.69375225260788,61.2429156852886
185.765314940745,127.975162873045,7.62632573000155,5.32976182761919,36.0326868691482
224.251474315904,134.59714072058,17.2686318620108,6.18786796172007,55.5583417736925
183.8292964977,81.4317252207547,8.76196827832609,8.02604293139255,73.1793334148824
188.981467557725,130.992601839826,4.31514610722661,5.8376485375404,38.3932865550742
216.592519581854,144.588891209569,11.042226961581,5.7709066495775,44.3455905197188
199.62234398091,110.832045848947,3.64177778782323,8.01697976996167,67.9137424197979
194.563473487315,129.390234681778,9.8314333402086,5.3863962410729,38.8446978060529
190.267230778508,137.170735367108,8.01827474567108,4.70193437099421,30.1264615748078
195.166993536021,114.062651938293,15.0626881541684,5.79102931941731,48.5987087325193
200.011945033806,139.009959229734,10.5726299635135,5.11833575052102,36.769990818575
201.644980460559,114.50116784079,8.76008319156244,7.24112034028471,61.1939069740474
161.988166830644,81.2368452851661,4.26992662972771,7.43652275635546,59.5717973355204
184.514570395059,110.832568057813,9.02309619192965,6.28845157767686,48.5677194367163
167.199031460546,113.454726401251,4.95250415476039,5.39227252360755,34.0291071236134
178.964220651217,122.086840174161,6.33935508271679,5.43990857607737,35.9319603987969
192.076749490126,111.027270636987,15.7364847699646,5.76480541905282,48.9694662895054
172.192480903522,101.502420997713,8.56478422018699,6.20060237437739,47.0122540253215
180.613076114742,127.109245148022,8.37678312137723,4.55135959840613,29.0916573153809
170.938397855878,122.637998489663,9.0339973794762,4.1549555521591,26.2976530198939
254.75780209739,148.157497879583,15.1678291100543,7.64945193533298,73.6819440210238
152.945126023589,92.3084298637696,1.17579883337021,6.42835544745305,42.4995525921695
251.410232952464,148.125853238162,6.25520106568001,8.46868118754643,77.9737621219829
202.955655863994,120.55219971342,2.46460051531903,7.74778769027201,62.4928146088496
236.430621507009,131.668768231757,14.991120581748,7.55916311513965,72.1320675830357
216.301454056132,140.607252237387,9.00882263388485,6.35312282096024,49.3709922120906
228.01937377793,125.324027275201,10.0497107354458,8.11988346492652,75.982218219433
219.987154923157,128.62872825237,7.7217222948093,7.68209764013485,66.7363464473747
215.397152430594,149.713380674366,8.72543188114651,5.67758089219543,40.9603566685691
222.789817186327,139.456137998495,2.95331610040739,7.7535949116342,63.0715501541272
230.874203915841,133.607556680217,1.52854432747699,8.61534720055679,75.7527517136186
175.74245789509,89.6365726250224,1.39458493818529,8.03776677652545,66.0002796920016
169.114352913226,86.66322538862,2.31782887061127,7.74580517784462,62.3153267237358
206.032633011359,116.529375882819,7.14602862088941,7.68345631162635,66.1815295135602
153.827024866644,93.4722680482082,13.9439483259339,4.263481913605,32.1212263535708
186.557391173433,131.202562465332,13.6357879096176,3.81852622512151,28.2169304415584
179.922546162139,114.621088516433,2.66076745907776,6.59452389107765,46.1485128090717
175.231646249424,89.9931407370605,17.3523920974694,5.97806148044923,53.0896111615002
238.734779760667,138.885187834967,3.43447528430261,8.59571235875809,77.3207462388091
249.553054326647,145.891277154442,9.23924960009754,8.24484044521781,77.216643567197
187.729989838019,99.457723388914,10.6034868331626,7.08561235262009,60.809389244765
165.908087877004,90.5265501444228,16.8491950382013,5.11709193682345,43.0338249281049
214.68112630416,129.467140983324,14.9404211016372,6.30930678605205,54.7477732221596
209.887085490552,119.573701606132,10.0624116726685,7.236638102781,62.4313427032903
182.890172299178,86.3351708650589,7.53597266622819,8.04690391330768,72.2886352562346
199.54174611126,119.223828495014,10.2818013078067,6.76733029933226,56.0785606880672
183.243297643014,123.068204424344,14.5443748924881,4.0685200495246,31.0972302858718
212.564136376018,118.389395494014,11.6648371573538,7.26237893563146,64.4069849620573
199.394237629417,107.544366410002,2.76726901112124,8.26648040097983,71.1019672309048
177.699357658711,109.166770540178,4.26387266395614,6.55341871265486,47.2111694873311
208.623264537775,143.343764510937,15.3158773714676,4.60427877461507,36.5152604058385
191.679292364586,127.153538893908,9.14940241188742,5.55013200300035,39.9533676626161
200.826951172453,146.835316240322,14.2134299962781,3.71382169955199,28.0059016123414
177.521382062986,90.5862292740494,14.9090452946257,6.29601951941332,54.5489070834592
202.191789317522,119.181914669462,6.04787697852589,7.20092266091962,57.9011641470715
167.52945222508,86.9045025575906,4.85406896821223,7.25195455809586,57.4449138808995
227.531223501491,123.641497674398,11.5460841839667,7.93059336141728,74.4403952481225
170.754355393459,97.9460931872018,7.35588473780081,6.45556058653299,49.030147224199
181.695150194521,113.548659521621,16.0615311081056,4.7715743454722,38.829452842474
188.111051340754,113.400045440067,3.13403733214363,7.10937224036991,53.6772109842859
186.290811969852,138.134399147239,3.68594204215333,5.08974623028614,29.5914587308653
232.559925059144,142.690425887704,11.8538629384711,7.05437067000681,61.6180084883235
206.645399822958,120.381300477311,4.16421955171973,7.84252276202261,65.6693828245625
210.930529979898,146.06565640308,12.2966475540306,5.05169712479013,37.8162913946435
160.686189089503,100.428471337073,9.70443952735513,5.15224732586403,36.2500920342281
227.828621312615,123.772349352948,13.6075372884516,7.71512190433543,73.1306432872079
186.596269542131,123.412870441098,6.72072150395252,5.91946696236471,41.7608106224798
227.971441527985,125.403249673545,2.89156364277005,8.73836972013753,79.2506690085866
187.225719267376,96.4437425788492,7.83892361354083,7.58517977466505,65.3738758275285
213.918079719527,108.262705311645,10.2258785844315,8.12430705400424,76.2302436921746
186.825101803317,91.9664874789305,13.5844418823253,7.28083737331615,66.5950347390026
179.652300860043,116.341412016191,3.93369137635455,6.29313653043557,43.5372587670572
193.413579119864,120.905296613928,10.9702522568405,5.94152623869893,46.2719863019884
136.007960513542,85.6054726289585,9.49739121831954,4.28337032094636,27.8446525246836
241.384989756383,131.023176768795,16.9180956366472,7.57644801630454,74.3206601804122
208.350906280594,122.984657052439,16.4751528743654,6.1393693525209,54.1670089210384
191.904531567095,126.96270321263,3.59941235696897,6.40468054149639,44.6193451955914
195.546508871869,100.729349160101,6.22405758849345,7.97187159069362,69.7747942470014
204.523280222035,105.239795122761,12.8710008617491,7.47579420417537,68.7584998449311
222.853137753119,124.174640199635,13.9746591013391,7.36475904451633,68.2143348851241
229.2593069917,147.207415571902,9.66778412926942,6.71284668868922,54.7300947951153
157.661070142304,105.527485904749,4.85436192457564,5.20125181925531,31.9073824118823
188.961374976709,93.8592943293042,3.81964420899749,8.37560083238267,73.9703335124068
151.122987251882,97.7876134472899,6.37433156068437,5.1766856290291,33.1724056624807
206.938993413801,113.971187563147,1.76399846747518,8.30926168763363,70.8078282610513
193.101249470487,108.929715421982,12.382663027849,6.59469598631434,55.8726781797595
187.412921492452,102.977173109539,13.6867119458038,6.51198232636272,56.0926257646643
194.167141247562,104.979147934355,5.22506716288626,7.77372948703793,65.6559373005293
200.262770100864,127.870147796348,8.93820477696136,6.16753196426776,46.9766553072259
228.727597343107,140.420448554214,1.75288455467671,8.2410076086949,69.667090961244
203.896278776701,112.827811536845,2.67052030470222,8.3272522929864,72.0136510557495
222.998949262607,120.799996841233,16.2506069119554,7.25009942611201,68.8145486004651
192.100873227189,114.899197765626,11.4575242123101,6.08765745506193,48.5170975024812
189.038565966883,126.711550019681,11.8920700030867,4.8062936128569,34.9925282960758
219.140256985534,128.151128371246,8.83703605667688,7.5036237995733,65.1414061821997
138.581359193974,87.5130947539583,5.75543469982222,5.03548401424444,31.1115339575335
147.726186786522,87.8546488028951,17.0641541823279,3.4651182658554,29.0711987786926
189.116038489492,145.294612315483,1.39221931574866,5.07939371216044,27.1924597988836
192.962549927381,109.531311264727,4.0143163446337,7.56367746296278,61.2235331083648
216.759227925253,119.431803973857,17.5142781634349,6.77630851289407,63.4326352253556
213.05320055214,146.936953151599,14.5955418583471,4.62599352619994,35.9953579627909
197.013798823009,93.7144750915468,17.9940672398079,7.14146587895169,68.9946021400392
187.421778445484,95.6622511683963,5.4326386959292,7.95427670385523,68.7031565774232
212.248935170585,123.494988351595,10.8971051922999,7.01458062107688,60.1014464818873
237.907563290318,138.419664634857,2.22900082333945,8.68095449287024,77.5879717306234
197.455133893338,136.557786236517,14.6388229054864,4.37936538366429,33.8176640691236
149.599475251523,90.5751416948624,15.9696112063248,3.65065304946045,29.2968788938597
197.193133631524,85.8260065619834,16.1237021647394,7.79222188127686,76.8424240117893
224.389223877727,134.525143550709,1.19255911651999,8.39830244526836,71.7240430787206
213.936051682544,146.814737697132,5.10380962514319,6.33250094293814,45.2043778174557
197.4812562329,123.288100154605,11.323571258923,6.02872022917551,47.669038860593
215.174759082913,110.605141199194,7.16624960396439,8.41441897510015,77.9686962924898
185.629678229898,126.50950354524,13.0565472091548,4.26640307089597,31.2587423725054
225.521355651689,140.822468851693,1.715240330901,7.9112635105077,64.3033306635916
199.990627479025,115.183501744177,12.1719075229485,6.61284692367716,55.901651958935
214.77792911771,117.01621189015,4.9217205143068,8.29230503137768,73.6840432477184
224.296342639357,133.952047671191,5.64061533473432,7.7421204656558,65.5810446394607
198.130809456034,105.884949550964,13.4637842215598,6.82134164251981,59.9944860255346
199.744788004895,145.835188848432,4.03035541460849,5.51059758942448,34.3970412071794
155.88021740966,82.3281140881591,7.55578256677836,6.63719757876133,51.6081742662936
181.916844320456,103.679424715228,12.6340275316034,6.07174547113828,49.5001205978915
147.295117063576,89.4939983915538,8.05824780906551,5.13285556759994,34.4044540869072
202.445234246853,103.598733821418,10.2167512604501,7.79568220532096,70.9894123068079
180.447190572537,113.845861135051,8.7382279636804,5.7294931486718,41.5653197043575
215.071222400742,133.000973002054,3.16009545116685,7.56159912993942,60.3378768530674
205.829492473676,135.728609566577,1.53013218310662,7.1031967599855,51.9855363941751
186.504938406312,109.152103448287,3.81610446539707,7.26303557600936,56.5677902437747
172.736200142799,82.0957876322791,14.5809720982797,6.66453949009707,58.997058713343
195.602074083882,145.684640372638,3.42059663590044,5.32034914596473,31.7267116708681
215.798851458868,144.085184601136,2.2654943105299,7.07241116509034,52.2844939986244
172.908345477391,122.847948586568,1.48575812857598,5.76901812348281,34.7673282376491
216.90850614239,144.33644563891,8.09566235495731,6.41018346463848,49.1861144052818
217.067333464649,123.838131616358,15.5184766377788,6.83280328717045,62.2056773989461
168.640308594162,88.8517559529282,6.61831198795699,7.09312533559449,56.9307390144095
153.902425685517,89.9849146557972,8.55542076658458,5.64410074986414,40.4112940412015
194.172748952752,127.715070229024,8.02921501174569,5.84562396913736,42.2005346002989
193.57793948591,144.611737199593,6.97976332949474,4.42692222638077,26.5774037279189
163.596804165768,90.5456700362265,16.7734547513537,5.02101513817171,41.9840477691032
238.628714228041,141.939279162325,16.8109274578746,6.86983168955333,64.0055149006657
161.078994571294,111.512783479411,5.76447371812537,4.91562115685924,29.9278050758876
192.957996671081,83.2668994832784,13.3982691424899,8.07666296581521,78.6307538058609
229.395709616717,137.642763124313,4.68534329300746,8.03646817920276,69.2701640883461
256.780403170135,147.63999683084,16.9842122155242,7.55843436248064,74.1141422274522
209.505537603606,136.517705251463,2.09308254416101,7.20538721324173,54.0106874369085
176.1813035317,100.737690844107,17.8073715372011,5.17074588410116,44.5439845351502
166.363545533434,93.852444968652,4.57354416418821,6.82839999672206,51.200590679422
148.630912457897,94.1171048092656,6.41505136317573,5.04495429301526,31.8666151817888
163.056356421756,104.46588805411,3.07008806988597,5.94272387731804,38.3860551519319
168.014182852598,95.6859404407442,10.9316421842668,5.94235370508571,46.2432097406127
165.835078780317,91.514419701416,12.1918379957788,5.9602445488527,47.7163530779071
185.47978394507,86.4910965715535,17.9348054693546,6.63519557846467,61.9606258338317
177.324473930212,124.302992508747,4.29914863710292,5.40216960868958,33.4825851181522
216.811973664075,134.935184034985,14.8804442253895,6.0163910585858,51.0774055952206
144.788379071808,84.1642508702353,11.5306850194465,4.73375429056251,33.9391147028655
174.067268575662,85.9009758289903,17.7553208456375,6.1723077351105,55.8527036225423
129.922374206272,80.2994406688958,8.51046340772882,4.3559474701761,27.4847417706624
188.68901975769,89.95545003796,13.3111487869173,7.49385479923081,69.469008538872
236.131903118274,145.043559258338,2.28942659404129,8.30071504401002,71.1912968358956
155.059620973154,91.331937618088,11.7158267835621,5.01608378788226,36.8769233506173
225.330333975811,149.195080494974,4.6479696740862,7.14552310771812,55.7064701570198
222.127428971003,129.295628170948,16.6251683812588,6.51722746946181,59.0994222699665
165.221968787531,102.717978835572,14.8031840557232,4.28103313225249,33.1304287351668
198.205291070748,102.965966342017,15.5539707588032,6.93542858460396,63.6541404109448
240.52796120411,134.369145301171,14.8848731806502,7.64940148718039,73.3982162927277
219.38289065855,114.902218969073,8.09072873531841,8.32049505732794,77.3213667343371
216.028466980883,114.790479489602,17.6183347643819,6.92901222971505,65.6295452439226
148.089809085626,98.6462388117798,9.48918221797794,4.07471902050131,26.0925173140131
239.732489489918,145.086100448389,9.47571829752997,7.62641306114703,67.6378944767639
194.911312794615,127.428204817697,6.83902828628197,6.14392696673707,44.586866858881
198.266558505968,129.718188254628,2.14493969944306,6.78471201190538,48.1772567839362
156.566592057484,99.7255852282979,16.4252107609063,3.12153467677665,26.1691894992255
186.672946929616,120.648436006159,4.75903550558724,6.27658013636122,44.1544937137514
212.207906672786,146.797976309899,6.06028618244454,6.12017362293758,43.5168113573454
162.199995163412,82.5198983866721,12.1952218646184,6.22059607574632,50.8910374022089
215.061649287823,115.716515954118,10.6325384632219,7.74176959615109,70.5675349431112
234.828570988744,140.241016880609,17.5119706303813,6.63128923418913,61.4859675378539
162.835834187084,99.4244656874798,2.78384796483442,6.55846846598159,45.7973565841094
202.480673344826,105.399435583968,10.2445817389525,7.63635325285851,68.5584727413952
221.278422874641,144.156225216575,16.5613262930419,5.48154291158748,46.6086389846168
196.254357746638,85.6164762075059,15.8399358615279,7.81903396600782,76.9772280231118
217.358684924808,115.890724610072,16.3771614565048,7.16246628575804,67.6780847511254
182.009809181568,109.402649225667,14.2392695795279,5.31504543460659,42.4889775514603
150.037153857869,91.0634626587853,3.84190819202922,5.93043144567384,39.0119253238663
163.760162878823,111.469059369992,3.06354345544241,5.59482324634952,34.3655906133354
188.253982855337,91.8734515551478,3.01100021926686,8.42312529340252,73.9600399276242
221.962999097158,139.867304603104,8.34514905093238,6.84280345816796,55.1691082180478
236.009093405303,128.169321974274,14.2155784366187,7.79321624877024,74.9497979367152
200.837619574438,88.5067665483803,16.3696676173713,7.97261286101515,79.9322234489955
170.877597392268,88.3381207915954,8.24992676218972,6.90878174134521,55.9811919117346
174.356260385206,100.198071436025,14.7616888058838,5.41108004374833,44.0414760457352
234.703625619072,145.816491795704,8.962376764277,7.29021604421183,62.1096267355606
249.359643483272,145.214825870935,12.5362526546232,7.788563148533,73.1979685733095
203.471824475818,92.8049956192262,13.8983400303405,8.05668363731636,78.8084912621416
220.189807518769,143.901161870454,12.6171134596225,5.93270409133823,47.8140912950039
183.82491222692,84.6520482073538,15.4088534265757,7.08854400376543,65.6563095198944
207.577613898151,141.434013880789,6.29668846260756,6.06419234709502,43.0711172851734
156.695187000238,84.1167367086746,4.10703564435244,6.82284895083974,50.6583034503274
206.507555937852,146.618711138144,2.58984289132059,6.02504653790576,38.8910286752507
174.389862131441,91.2048585526645,1.25150809250772,7.88257547118231,63.3865041513927
201.359056615198,120.658474962693,16.3410261475947,5.66937178324756,48.4828025642782
222.350250781921,129.799168310128,14.5328996072058,6.97970028597118,63.249115689192
200.577263531814,99.6225762739778,2.32212227606215,8.65798715343421,77.282863825094
127.963424587385,81.8642174755223,2.72963253734633,5.10112657051831,28.7511248257942
212.926124840368,129.74357167026,3.95616555539891,7.4464134893809,59.4052394102328
196.079107361762,101.892277321313,9.98752634786069,7.50544400871828,66.3192161158659
235.038196745975,139.85959393438,13.50033824821,7.0425125864183,63.0973217780702
207.528200356119,113.027351470664,3.00971730519086,8.37925247958686,73.2215894218534
240.021951374942,149.447198000271,2.75846966495737,8.1484879192873,69.1563250357285
187.665138875409,85.4504762263969,10.3884788893629,7.95421474121895,73.6580110387877
184.994051909574,81.7295696330257,5.93881565425545,8.54560510233622,78.9661822193302
201.118314541383,120.261795436963,8.48748891823925,6.8655912927995,55.6238327180035
212.809811711739,122.536478745751,3.01355317560956,8.07224546305836,68.1746999914758
170.437514779684,80.3055646480061,16.6675163409673,6.37374538346563,57.2921465542167
187.706685183295,132.058999575675,13.4540214648005,4.08555614647345,30.1457904907875
159.756133774117,83.2743704225868,8.84601787221618,6.51680959239509,51.3148251357488
175.241150076738,113.476037366781,12.429345256649,4.65913089493977,34.1368459528312
225.339039459255,145.69885320263,5.90440498967655,7.08056202144144,56.0387635291554
140.184613557954,84.1746383300051,12.2785719912499,4.09197816065923,29.022857258562
235.853970461076,146.75486312015,7.37616693321615,7.64179801980884,65.7732439087704
186.552472845575,133.956357308198,12.4057002100162,3.70309089353705,26.1185823758133
194.07192966267,139.608458017465,8.01631756965071,4.76431166402189,30.7149832015857
202.16124218777,95.2575220866129,13.0924439819064,7.84818863322317,74.6865088045597
252.304780124499,149.613092336804,5.7782912729308,8.53382900617881,78.6045287796296
199.969019190768,128.546614220832,13.5579761243425,5.40578913502963,42.780532296747
190.092057919018,100.099318823777,10.7736647152342,7.06356872335371,60.667667824775
216.035104628293,137.255970330443,1.41643175506033,7.73797298086782,61.2926576077007
230.155904044906,147.159712139983,7.16581033566035,7.20398605985988,59.0632254863158
243.641021598486,143.029505193699,8.49443762912415,8.06826581445631,73.5913508818485
181.087696433694,88.8787558511831,7.85783319594339,7.76807401732743,68.2008071346208
152.82414242015,84.1742936242372,10.2611268546898,5.67235507923038,42.4367389995605
197.396831557569,137.288905035239,15.6743406008463,3.63900728431169,28.9167146161199
220.342823627315,140.222146285232,14.0164691563696,6.00705768245374,50.1012111566961
150.850468333909,83.1639741384424,2.11217243876308,6.84782983900033,49.0049459426664
177.15992970371,95.7171358237974,2.99780558957718,7.57603064547948,60.3940459308214
219.281091505196,129.337255442515,6.2663995239418,7.74257903726646,66.2139296722598
168.976400597954,86.9086963473819,6.24753122078255,7.18174729048855,57.8250253652222
162.587984729291,81.1123752431013,13.4497255103197,6.12734660336252,50.9941019080579
200.516926110768,143.394159092568,3.40535310073756,5.86862380389161,37.8460984523408
166.095443685119,83.4323428664356,17.61874503945,5.73316154912844,50.4878863878548
240.057518240575,141.190934348851,15.5315832705237,7.20529935032608,67.4479219983332
154.105443045683,88.4399202931672,10.9267034467775,5.38685936851016,39.9449573028833
206.499177342286,108.291488683317,16.2925923157018,6.92126158594452,64.196454256773
181.525213238862,96.0946088167839,1.15885723265819,8.17877267425637,68.0511796898209
209.362524588702,134.336478651967,14.3374704651069,5.70382383415696,46.8710767962039
193.90536921471,120.342761622742,16.4326251209714,5.12148887527009,42.6622734204866
144.290512760614,93.6363328853622,2.88321851869114,5.39434881813835,31.9822176904418
186.20956623361,109.733015233651,8.91895705624484,6.55706758757734,51.9140924043022
207.235084952472,110.798277722206,12.4639204326086,7.30206493999843,65.7840728205629
223.533818587605,143.619251828641,8.91269183368422,6.7115056071143,53.9569993480109
221.693417673735,112.386515154503,15.8753492091782,7.74480707591841,75.8573858523741
194.984468199875,145.211849096231,7.81845411588438,4.35457338345439,26.7807634677738
211.816006168821,107.261842482258,10.6336474772543,8.05268984409208,75.4794612023979
222.056471749366,136.368441297673,12.1129976848606,6.72204750117197,57.2989202928729
227.536846034435,133.798900390975,5.85621540155262,7.98789726056674,69.6627180469222
185.852465470884,103.863510291558,16.1630624635145,5.7662043450816,49.4121750127524
208.644775334408,145.652540703304,3.358126855921,6.29482873767981,42.9829956926405
189.291305438205,115.268189595081,10.4723004004918,6.13223380544515,48.0765918451361
166.988043830327,102.699411564972,5.29978324635886,6.06382994657637,42.0698168673553
162.376040192059,110.98518111743,2.25130490213633,5.49877596221072,32.4878419847228
184.56413154914,114.088143426925,13.9650266300887,5.2026011876594,41.0320857479237
206.68275733941,138.91218484845,11.3082691910677,5.43800719487286,40.8801914425567
213.542766141706,146.441158803646,6.6608957091812,6.14119273929598,44.3751439703628
171.786394234528,112.925886863377,16.4642815191764,3.24439961629301,26.9904103893787
201.856647445817,105.974338862579,11.0304623455741,7.48718150288036,67.0883492026478
178.641036513308,95.8135960693471,17.0892374003306,5.74958075969897,50.1469163126312
169.108062754593,80.3224638360552,16.3396191583015,6.49029887802605,58.4635986844078
182.245760227115,129.660615040921,7.57845665863715,4.90772721519406,31.6642430773936
183.401728889036,128.74578399118,13.2141769137233,3.80758218389615,27.7118590008467
146.841907138822,81.0286466032267,15.0648999323603,4.57219544438422,35.9698711140081
150.986063202065,93.1377884373069,16.5349747585133,3.34076200627816,27.695665541105
216.889806516847,117.579782351386,3.2205195792485,8.57179575533507,76.6962020504288
162.323827668452,91.1306425696239,1.75509030465037,7.12411679467519,52.5081304088235
202.748048420143,97.2206991445273,17.7999757525977,7.1787244367758,69.3340602917597
224.450880891936,144.562049468514,7.62114901444875,6.97114779919351,56.2180506526493
163.570266251717,105.417322537396,13.0879080228042,4.34102988930614,31.9324485226534
198.854573900484,149.497216518503,9.94098130753264,4.07759554181774,26.5677667101845
204.927901714001,130.800725000445,7.57732167933136,6.46277504524649,49.3447829647921
155.65855823127,90.4454327770509,13.2156361225061,4.8958107038281,37.1845985702239
225.045291007182,121.433141736779,15.9630721965805,7.3196027364196,69.5396564155817
212.90589612859,139.411484226584,3.05972333834507,7.10872339140229,53.5936715938151
210.033991909342,131.379612002056,7.23988802568056,6.91731056098756,55.0890734228306
220.406809127329,112.374710114673,14.4288416802883,7.8542066186566,76.1174032888375
163.746314205943,115.776082153898,4.6652039422188,5.04458663850149,30.1130582955666
170.475716265741,118.946876837872,11.5523549360223,3.95463183846192,27.191467913799
173.136186929965,94.0556954033673,7.42128006787971,6.97863396866009,56.1226121364161
200.732612288822,142.243365910836,11.2686000994872,4.51475063258746,31.6515733739361
156.454585555454,90.80687957583,10.5968105597422,5.44149938580345,40.2067261254415
182.632838711997,120.921969274059,12.8055361022707,4.55572323022201,33.5601502526551
178.690513566535,113.665588248987,14.8404426714405,4.40688795194829,34.2611040924676
176.021502180724,93.8098250259645,8.71263198694214,6.93156699424723,56.7592529826798
199.90143114406,148.489712993614,7.28939981618896,4.67677888379594,29.1616605441086
192.274914487853,102.33220245922,14.9852036500815,6.70925601209075,59.9993198858574
175.260447059541,83.1352087273262,9.71461261459626,7.48527913604418,65.7440163590945
208.338913234765,132.758026348893,13.6068910302129,5.70974153858787,46.2080394676886
216.474489036541,119.680126423482,15.4387541289907,6.97447439300859,64.0820471877232
131.810769028525,80.6822894420475,8.48509516147897,4.51674071293489,28.8860418293625
186.205344145017,101.052784952335,7.90044121211395,7.04432354616552,57.5229354351759
210.682770251221,140.430664557498,15.4655993836932,4.97989936635965,40.2649970827624
160.124181767231,96.2503857375123,13.3594184042886,4.7288350198215,35.7212990489788
153.216635460793,84.0977862849832,11.4561942757573,5.48386737462839,41.528995658271
218.015456713772,129.773493809626,12.9000180759467,6.76071245726116,58.6072510057129
193.264812514601,115.612397112418,13.71894038748,5.91156002968468,48.6654823720455
192.601058723653,108.346292760689,5.45140992617235,7.40927559556853,60.3487747772597
212.656875360951,109.715974268038,5.69534307764843,8.45458930461969,77.1754233874381
219.805236857753,143.977604913525,4.39088411815464,7.07136432084526,54.3950774762779
214.930573478071,143.140454408713,17.03093194752,4.73602786746932,39.460891908966
184.680154172236,95.2645697630942,5.60947657958604,7.77913303120997,66.124387296848
202.094129700258,120.242618289776,9.47294703498483,6.72074526090004,54.6413638968952
132.309130028197,82.84571954282,1.62369399261661,5.63369300620793,33.3621908808127
188.701534340436,117.841825801879,14.629532958148,4.93413124595515,38.9751841104589
142.519005991764,87.8979923669249,7.88881761999801,4.94948709812509,32.3862401545048
186.98085955687,133.021770738997,8.82214038888924,4.79373756948087,31.8020602739416
182.057531483921,87.7800925634801,16.8295865585096,6.65675789939935,61.1420122897252
185.521841570674,94.2880080710165,7.62797233602032,7.629033173968,65.8301195055246
215.22960579979,133.739266928751,13.6788782742806,6.03903365297941,50.1488057360984
173.146596904711,109.564126569312,14.3213444431312,4.42732907084204,33.9225871446542
212.521099792162,118.286778656766,4.52675630501471,8.17688596751861,71.3882204308175
240.863909150872,141.636318615638,1.9609544032719,8.82443913877285,79.831680517178
178.272592825257,130.934061608277,6.63573517324403,4.51827645862236,27.0505573297851
216.660823451081,132.699233219028,12.6246881552506,6.50895847139797,54.991228537634
225.074803160934,122.05172650516,14.0521625608671,7.41300988376599,69.0048780976795
168.109334060198,87.0746717508882,12.1018396548461,6.49579949497094,54.2972507337108
209.894987362726,137.835589428432,16.8746679015458,4.73727099540932,39.3164043854922
200.88432315748,131.677426947281,1.05977117666043,7.10687768497118,51.5674816058017
208.544877202026,141.808295778465,7.43261457467452,5.86045292209801,41.7775230268016
193.076195501503,85.8915505791083,11.9429688695818,8.14221660358063,78.238660089206
222.456593652552,138.063075237442,2.6842343902681,7.81453103908517,63.7511297510937
183.777873600342,99.2371402028948,1.25607885140926,8.0661033519525,66.3181021357886
149.378087037257,103.395110191777,3.52560619800352,4.81772959289124,26.7361246282235
220.724966721521,142.092593107373,13.6702753261197,5.82914239634177,47.6491764029488
177.266159312076,93.3928251685575,15.4966947657522,5.91710398899788,50.5088143823668
135.854646875578,80.8533936436288,6.5240727737546,5.10406165444763,32.5755181461573
192.50096773977,129.374095492531,5.53338164906017,5.86135541331728,39.8888689302839
138.469927350658,82.6333103165962,5.14030651631765,5.37873966873553,34.0711469403468
218.809103750153,137.5767867174,17.256254956359,5.59111500727565,48.516821980942
206.159957322493,143.240417744964,9.45356856961735,5.31251797416658,37.6764157954603
174.146855102246,91.6520328447223,12.8056767818052,6.43581018377731,54.225329503417
202.420552916638,94.5316826971248,16.557242537383,7.57524534080222,73.9415845107287
218.705248676478,135.711612198502,11.3516703790519,6.52277238784824,53.8982300027274
214.076855964543,142.52374087926,5.46435058303177,6.59458453862782,48.9528958201408
171.112038351869,97.0578066003509,16.6218225420453,5.03201855888086,41.9430333189666
175.506321504941,110.323525990825,13.0974223362282,5.0023705692498,38.1211336483248
153.091203124115,107.870731451549,1.74508609459735,5.20831084592505,28.8715879623778
223.559369560011,126.591494248714,11.7696296561044,7.52765358076952,68.4351980881765
212.885397401511,101.363782798871,15.4964505932294,7.88948255532885,77.7403855840676
231.145128673473,135.437964044977,3.02462960896082,8.49435450941537,75.178688140586
178.353268003374,103.885875518899,17.1846443552058,4.95766088942542,41.7630458497442
153.87892057994,98.021841016598,1.69427761575207,6.12079608081775,39.158422278706
144.84791513983,80.2773066307418,3.90019968850538,6.22247563580133,42.6194027266465
168.705892715063,106.623720540665,1.39360796310939,6.5060234726056,43.7219493892044
205.257041313825,121.959859810304,7.62846841127612,7.18057603915374,59.1891406653449
194.197264343303,103.732477165759,13.057711395435,6.87280940036925,60.293220449239
150.37354619812,92.3048968659714,12.1478442770895,4.43714633945543,31.8361119148321
228.966458820994,149.82985481387,9.26442618621513,6.6053925771159,52.895637284033
144.880768127799,98.5779726132751,2.37229376658797,5.11824485605497,28.5687241731212
213.110758521831,118.513457349036,17.454034810653,6.63816122850633,61.5192193062976
194.935280272573,89.4671266456135,10.5246387089137,8.18678249341789,77.5480463034473
236.90903826398,127.727555129677,13.1874047417659,8.02977607947776,77.6647086283192
212.468583197337,111.524574584328,5.81822085240856,8.32714648113651,75.1595893707126
189.175749087358,105.665119616315,14.6382993608713,6.0878231412683,51.6998899602331
179.891169901998,107.029193828348,11.6967290914617,5.85162068800905,45.9381937677972
188.152418009086,108.312983606011,16.4523355024867,5.52982922614349,47.0313467727974
240.727783270524,137.929530469701,7.73412821348757,8.31070739081742,76.8019855492748
231.261753602938,144.121035386343,6.24083503801376,7.53789365996152,63.0606758669019
211.422043408679,133.284204904921,13.4388007719535,5.92260659460896,48.5160696464591
189.297189936518,105.714407733176,12.8151456639171,6.25477913123625,51.9374076444656
219.566602642397,128.397166586947,8.40010281442665,7.61199847369219,66.3426235779189
213.215263488159,115.562287585344,14.7278381362557,7.13848020035993,65.6857377071865
153.945732157475,81.3598156208172,6.19542176299728,6.72669013439973,51.443781927228
206.262667780511,125.282939798199,16.5474403260741,5.62739842079858,48.2150533124804
200.126945202035,123.610536511987,11.7070996216498,6.0004308299548,47.7122697667219
198.146963075369,103.307977651712,14.2117923870683,6.93099847990966,62.2505323155783
173.485428415428,81.8400785536505,13.1914461692795,7.07875997608157,63.3002889682539
204.227820544798,148.246315142605,12.2739952199627,4.1120218413482,29.1827188436873
230.942189283537,149.389239987358,12.9525640115608,6.15615890147413,50.8508564317599
159.522659958406,85.3605866106227,4.27480941521935,7.00176448446541,53.2995153111406
177.927536265668,117.656141084153,11.1673296475783,4.82906055683743,34.4871555091813
220.129961385876,148.44969201833,14.0418988722377,5.32091134147184,42.3539963760413
145.510783748538,87.6772303576581,5.01839084201492,5.63854648556295,36.8115973118693
165.537496481365,105.380052460823,12.756453063339,4.42233461053978,32.313496470917
209.175020994972,114.987355051562,2.56806432036683,8.33083894196723,71.9709417973645
217.217635511786,143.883988107555,13.5297010855284,5.55142403270664,44.3480098764412
180.140048831852,120.04425842315,17.0595782145392,3.50379269370321,29.3361414549872
174.173201861228,81.5956202312373,12.2894900799729,6.96730229686891,60.8327913759276
237.29136714454,139.866073816083,12.3460647691973,7.40898633593127,67.2391432952136
218.293952473796,138.133896919899,8.14036846417002,6.84442411059078,54.9865098698065
213.661844448309,141.470574417617,3.34543768223375,7.05596703218774,53.132108441554
230.083619575168,136.67215325404,8.97920693201013,7.60556576739006,66.8238375741057
174.663334679656,80.0045735691674,2.59382212487981,8.44105379772964,73.8452113410458
189.111370141706,87.1278013079427,13.8192469696514,7.53779327454181,70.6375744193792
214.906694209718,138.437811380718,7.22757439455017,6.76905438700048,53.0476716887206
192.089983167098,95.4803177295253,10.6583184886258,7.63817203755021,68.9999905638397
140.711186124655,82.1291463659145,7.51136234076694,5.37623082502949,36.4152202247642
187.197341802001,120.370821519755,4.45505790086463,6.45563864759496,46.1303282491863
208.593313278659,132.981583229266,10.0995115598198,6.15541691269035,47.9886689288542
195.574286094126,141.155784155708,7.55940323416144,4.83859614913288,30.971415928565
138.865614356559,84.2256139731035,15.6588511080481,3.23259605171822,26.1085283416323
160.139264391607,95.5286851152778,2.59058026154526,6.66696136502617,47.0389541042969
160.476817492517,108.981762048788,2.0786251432728,5.6993861458792,34.5616275831126
203.976825437445,108.793074088171,3.83498863270506,8.34429390155622,73.4622293482535
211.85450656609,120.557323084213,16.9061389330309,6.40154095920521,57.8858655854128
220.656400260287,145.936426601838,8.5226525797043,6.47045735764455,50.3894709968008
234.873332953223,149.131901811343,12.4647368069272,6.50394723261058,54.7660664115101
134.377840868752,89.0858494210988,1.61332598375157,5.2085555979222,28.7423774003983
191.272087747051,99.241248704493,8.96315849712119,7.59743579897706,66.6841892166995
220.632181908463,137.986797522753,1.77611069357954,7.83573180685611,63.1748036425561
207.454324249479,149.388110330328,11.5405727934558,4.62254291478677,32.9084757925011
218.554551705426,127.124039072078,15.7031637998298,6.57940882605418,58.9917843001895
168.597500476212,85.417234513443,4.32977572991513,7.53349742570751,61.0833591930568
156.383657335002,89.4082383834757,5.79567370540462,6.22892888423476,44.5952287502587
197.845355037287,103.66677450249,15.7081805083435,6.89148684482589,63.2007714407519
173.556770174408,97.6476286142133,1.54459580220282,7.42775117324065,56.7160832937807
168.271875296632,97.5576545251533,14.3000413810369,5.16159764809047,40.94213166181
235.694069849746,134.828754230402,8.73618139745668,8.16395182765548,75.3862908417359
139.079791831447,92.1650431188755,2.36207210528664,5.11117089939949,28.4861400681548
231.484453495403,121.881274098996,16.4149347902276,7.6387430808975,74.7653306461871
223.187632523288,128.410813105293,4.2131131272763,8.11980126234292,70.144285667222
217.407096862774,144.605491945986,13.6836297609843,5.46050689182083,43.5007652766071
201.571583657288,128.298248874489,8.33658935711719,6.34130269327753,48.5487092048861
181.271399462134,99.1561283823103,12.3990473528393,6.38989045922086,53.229747433681
158.020558205372,80.7661611633375,4.18667061533779,7.18513432416498,55.8128258716315
140.841419355598,83.0253718281165,15.9896339389961,3.73500323787675,29.9398831259459
151.58563971366,91.7528460314497,1.83074662392028,6.43487040203431,43.2383037148975
198.772308936778,139.684857854154,4.74348307470791,5.81886254795903,38.6026444267482
134.43531847061,83.2139342278242,5.45060792379081,5.08132921227292,31.2705144872889
209.936669613255,98.9971345500089,14.0425683686044,8.04690948828753,78.7953206812963
208.234099003933,142.226006544661,7.56136257131584,6.07621286835372,44.4817253928632
217.372968099678,118.352530621924,5.73574285418727,8.4049227971896,76.3784700809047
225.512402465386,136.337231197394,2.31946370517835,8.2113562260175,69.7458347757347
221.811923539834,147.00376330642,9.5051826685667,6.21280393540734,48.1041154083796
222.696760783775,128.28208562918,8.67467464017682,7.7712644668957,69.0672260546125
178.873789357341,108.079350218177,17.7722274248954,4.6283036418439,39.1934220260009
237.541777909179,147.972859095316,3.41628378815949,8.03852899619539,68.0342322108336
205.178001267949,145.75631006388,15.1752077757847,3.93215771541631,30.6370720746927
171.370288831238,116.279757209122,1.50200133072212,5.99539158034402,37.4467215323821
203.233162425693,89.5403123577125,14.238897963427,8.05336145378419,79.095528668724
170.92565393807,123.871519670356,4.88745698495768,4.85292667323746,28.4383542807773
213.243865041277,137.585498907138,3.27562201372348,7.22415637766365,55.4640573826618
173.271375562031,89.5385748776607,4.24038570467383,7.62519468842235,62.3839797410183
184.944335500513,121.822773227468,4.66969887539744,6.02071844932887,40.9187495214865
233.516720841363,148.80748475669,16.8809136659838,5.97818598649312,52.6196213550866
203.674242857956,96.1441453825682,17.8099001273513,7.38938426776518,72.4128999840468
185.22759138078,109.215927147307,6.27042378508486,6.77555379672101,52.1785530373454
138.099635422086,87.0189699553885,3.33122494863346,5.47719048595397,33.3308405680582
172.072541982899,99.4957982515916,12.236758714309,5.55789158758618,43.1269176136702
213.647501825984,117.138254404999,10.9435274042189,7.51226748162297,67.3776901196688
150.849401627345,101.988362073898,6.84911065339111,4.6465546588174,28.4395808507688
231.119325759367,122.049145090859,14.8372611536179,7.81811760870295,75.960224097129
235.129373830042,149.096861288417,5.81412731227465,7.55404029418209,62.8776520784013
202.603204099815,122.64970401302,15.3792980306316,5.75553157241955,48.5054417117499
142.224344855302,90.2016125922091,3.32937205326743,5.47527935360128,33.3080560532399
239.835675055373,129.302152220625,15.6531118564308,7.77083932168358,76.0390556198545
182.869636326097,127.542621283792,2.14105052105151,6.03039159514232,38.5066733118147
193.970211023931,102.580870576203,8.39854340185411,7.58485437971619,65.928559363354
162.107747894565,109.632094870321,12.5622943118215,3.72495622206381,26.4375931681134
